{
    "default": {
        "/mnt/d/code/DSL/lxy/TrainGenes/10111001011111110001011011010011100111001000100001110000010110011101110110110101100100111010110111111/113_.sl": [
            {
                "status": true,
                "result": [
                    "1 {f:str.substr(Param0,4,3)}",
                    "0.0000040000",
                    "0.0000000000"
                ],
                "time": 0.172031
            }
        ],
        "/mnt/d/code/DSL/lxy/TrainGenes/10111001011111110001011011010011100111001000100001110000010110011101110110110101100100111010110111111/102_.sl": [
            {
                "status": true,
                "result": [
                    "1 {f:str.++(Param0,str.++(\" \",Param1))}",
                    "0.0000200000",
                    "0.0000000000"
                ],
                "time": 0.24475
            }
        ],
        "/mnt/d/code/DSL/lxy/TrainGenes/10111001011111110001011011010011100111001000100001110000010110011101110110110101100100111010110111111/115_.sl": [
            {
                "status": true,
                "result": [
                    "1 {f:func50(Param0,3,3,5)}",
                    "0.0000400000",
                    "0.0000000000"
                ],
                "time": 0.20578
            }
        ],
        "/mnt/d/code/DSL/lxy/TrainGenes/10111001011111110001011011010011100111001000100001110000010110011101110110110101100100111010110111111/118_.sl": [
            {
                "status": true,
                "result": [
                    "1 {f:str.++(\"(\",str.replace(Param0,\"-\",str.++(\")\",\" \")))}",
                    "0.0000380000",
                    "0.0000000000"
                ],
                "time": 1.583372
            }
        ],
        "/mnt/d/code/DSL/lxy/TrainGenes/10111001011111110001011011010011100111001000100001110000010110011101110110110101100100111010110111111/135_.sl": [
            {
                "status": true,
                "result": [
                    "2 {f:func64(Param0,3,1,Param0,\" \",0)}",
                    "0.0000060000",
                    "0.0000000000"
                ],
                "time": 0.66611
            }
        ],
        "/mnt/d/code/DSL/lxy/TrainGenes/10111001011111110001011011010011100111001000100001110000010110011101110110110101100100111010110111111/101_.sl": [
            {
                "status": true,
                "result": [
                    "1 {f:func0(\".\",func19(\" \",Param0,0,1),Param1,\",\")}",
                    "0.0000070000",
                    "0.0000000000"
                ],
                "time": 3.410518
            }
        ],
        "/mnt/d/code/DSL/lxy/TrainGenes/10111001011111110001011011010011100111001000100001110000010110011101110110110101100100111010110111111/137_.sl": [
            {
                "status": true,
                "result": [
                    "2 {f:func64(Param0,3,1,Param0,\"-\",0)}",
                    "0.0000540000",
                    "0.0000000000"
                ],
                "time": 0.688062
            }
        ],
        "/mnt/d/code/DSL/lxy/TrainGenes/10111001011111110001011011010011100111001000100001110000010110011101110110110101100100111010110111111/139_.sl": [
            {
                "status": true,
                "result": [
                    "2 {f:func64(Param0,3,1,Param0,\"-\",0)}",
                    "0.0000060000",
                    "0.0000000000"
                ],
                "time": 0.646427
            }
        ],
        "/mnt/d/code/DSL/lxy/TrainGenes/10111001011111110001011011010011100111001000100001110000010110011101110110110101100100111010110111111/13_.sl": [
            {
                "status": true,
                "result": [
                    "1 {f:func49(Param0,func83(1,Param0,\" \",1),Param0)}",
                    "0.0000030000",
                    "0.0000000000"
                ],
                "time": 0.390421
            }
        ],
        "/mnt/d/code/DSL/lxy/TrainGenes/10111001011111110001011011010011100111001000100001110000010110011101110110110101100100111010110111111/140_.sl": [
            {
                "status": true,
                "result": [
                    "2 {f:func64(Param0,3,1,Param0,\"-\",0)}",
                    "0.0000070000",
                    "0.0000000000"
                ],
                "time": 0.646117
            }
        ],
        "/mnt/d/code/DSL/lxy/TrainGenes/10111001011111110001011011010011100111001000100001110000010110011101110110110101100100111010110111111/128_.sl": [
            {
                "status": true,
                "result": [
                    "2 {f:func60(Param0,1,func77(0,0),Param0,\" \",0)}",
                    "0.0000060000",
                    "0.0000000000"
                ],
                "time": 19.327707
            }
        ],
        "/mnt/d/code/DSL/lxy/TrainGenes/10111001011111110001011011010011100111001000100001110000010110011101110110110101100100111010110111111/130_.sl": [
            {
                "status": true,
                "result": [
                    "2 {f:func60(Param0,1,func77(0,0),Param0,\" \",0)}",
                    "0.0000060000",
                    "0.0000000000"
                ],
                "time": 19.361119
            }
        ],
        "/mnt/d/code/DSL/lxy/TrainGenes/10111001011111110001011011010011100111001000100001110000010110011101110110110101100100111010110111111/152_.sl": [
            {
                "status": true,
                "result": [
                    "1 {f:str.substr(Param0,0,3)}",
                    "0.0000030000",
                    "0.0000000000"
                ],
                "time": 0.158561
            }
        ],
        "/mnt/d/code/DSL/lxy/TrainGenes/10111001011111110001011011010011100111001000100001110000010110011101110110110101100100111010110111111/165_.sl": [
            {
                "status": true,
                "result": [
                    "1 {f:str.++(Param1,str.++(\" \",Param0))}",
                    "0.0000050000",
                    "0.0000000000"
                ],
                "time": 0.158741
            }
        ],
        "/mnt/d/code/DSL/lxy/TrainGenes/10111001011111110001011011010011100111001000100001110000010110011101110110110101100100111010110111111/167_.sl": [
            {
                "status": true,
                "result": [
                    "2 {f:func51(Param0,0,Param1,-1)}",
                    "0.0000050000",
                    "0.0000000000"
                ],
                "time": 0.16045
            }
        ],
        "/mnt/d/code/DSL/lxy/TrainGenes/10111001011111110001011011010011100111001000100001110000010110011101110110110101100100111010110111111/169_.sl": [
            {
                "status": true,
                "result": [
                    "1 {f:func51(Param0,0,Param1,-1)}",
                    "0.0000050000",
                    "0.0000000000"
                ],
                "time": 0.16349
            }
        ],
        "/mnt/d/code/DSL/lxy/TrainGenes/10111001011111110001011011010011100111001000100001110000010110011101110110110101100100111010110111111/181_.sl": [
            {
                "status": true,
                "result": [
                    "2 {f:func49(Param0,func83(1,Param0,\" \",func83(1,Param0,\" \",1)),Param0)}",
                    "0.0000070000",
                    "0.0000000000"
                ],
                "time": 7.38984
            }
        ],
        "/mnt/d/code/DSL/lxy/TrainGenes/10111001011111110001011011010011100111001000100001110000010110011101110110110101100100111010110111111/146_.sl": [
            {
                "status": false
            }
        ],
        "/mnt/d/code/DSL/lxy/TrainGenes/10111001011111110001011011010011100111001000100001110000010110011101110110110101100100111010110111111/186_.sl": [
            {
                "status": true,